{
  "precision": 0.9491525423728814,
  "recall": 0.9240924092409241,
  "f1_score": 0.9364548494983278,
  "confusion_matrix": [
    [
      105,
      15
    ],
    [
      23,
      280
    ]
  ]
}