{
  "best_metric": "Manhattan (L1)",
  "metrics": {
    "Euclidiana (L2)": {
      "precision": 0.3673469387755102,
      "recall": 0.9,
      "f1": 0.5217391304347826,
      "threshold": 8.846096646430173
    },
    "Coseno": {
      "precision": 0.2878787878787879,
      "recall": 0.95,
      "f1": 0.4418604651162791,
      "threshold": 1.221164963864397
    },
    "Manhattan (L1)": {
      "precision": 0.37142857142857144,
      "recall": 0.975,
      "f1": 0.5379310344827586,
      "threshold": 29.835636005257115
    },
    "Chebyshev (L\u221e)": {
      "precision": 0.35714285714285715,
      "recall": 0.875,
      "f1": 0.5072463768115942,
      "threshold": 5.085528919191072
    }
  }
}